bond_id;price_dirty;yield;duration
12018;null;null;null
12208;104.541;0.001;0.55
12249;121.391;0.006;5.23
12291;104.683;-0.001;0.96
12305;109.583;-0.001;1
12603;null;null;null
12716;104.757;0;0.36
12730;117.958;0.011;3.15
12745;116.008;0.012;3.26
12764;104.269;0;0.55
12838;104.266;0;0.69
12844;104.635;0.002;0.7
12873;98.692;0.003;3.82
12915;115.221;0.005;3.69
12916;115.558;0.005;3.66
12932;113.182;0.012;3.7
12949;115.495;0.005;3.75
12962;107.847;0.001;0.97
12966;107.491;0;0.98
12976;107.804;0;1.01
13003;119.041;0.005;3.7
13126;117.475;0.005;4.02
13169;116.305;0.003;4.18
13196;113.857;0.007;4.23
13211;118.033;0.024;4.06
13270;118.241;0.006;4.57
13289;103.225;0;0.68
13310;106.443;-0.001;1.69
13425;116.219;0.007;2.88
13465;112.416;0.002;1.98
13556;103.756;0;0.84
13566;103.553;-0.002;0.28
13651;120.3;0.009;5.56
13669;106.193;0.007;0.98
13699;104.15;0.004;0.57
13939;145.406;0.008;null
14254;106.39;0.001;1.64
14309;126.378;0.004;5.75
15428;104.141;0.004;0.57
15598;126.204;0.081;4.28
16181;141.438;0.035;8.93
16230;108.705;0.059;5.28
16271;118.93;0.026;4.07
16296;115.858;0.012;7.54
16298;136.223;0.03;8.97
16388;110.401;0.028;2.04
16393;106.723;0.027;2.66
16399;136.327;0.033;9.43
16400;137.088;0.03;7.64
16451;114.095;0.022;3.28
16452;125.828;0.036;9.55
16543;113.749;0.035;3.6
16562;117.187;0.023;null
16563;121.782;0.039;null
16566;128.333;0.035;8.46
16724;116.075;0.039;18.71
16736;119.636;0.037;20.16
16748;101.42;0.05;0.91
16775;101.001;0.066;1.23
16794;130.388;0.038;19.88
16833;117.117;null;null
16836;114.558;0.027;2.67
16853;110.208;0.032;2.12
16854;116.619;0.019;null
16855;116.266;0.016;2.14
16858;122.635;0.025;2.13
16892;147.64;0.028;6.1
16911;144.373;0.025;15.7
16912;118.45;0.018;null
16935;115.002;0.02;1.06
16982;117.217;0.018;3.16
16983;140.867;0.039;null
16984;142.053;0.035;null
16985;124.531;0.027;null
16986;132.585;0.032;null
17016;112.383;0.02;3.37
17050;114.183;0.027;5.13
17070;135.804;null;null
17110;109.226;0.023;1.08
17136;106.837;0.027;1.33
17142;120.841;0.016;5.62
17143;136.502;0.031;15.48
17149;115.297;0.036;5.56
17159;88.342;0.203;1.42
17181;114.331;0.011;4.34
17183;104.701;0.015;1.65
17223;112.01;0.026;4.5
17224;122.392;0.041;15.13
17277;111.899;0.002;2.11
17286;91.095;0.134;2.09
17306;103.073;-0.001;0.63
17327;117.345;0.032;4.08
17341;104.144;0.004;0.56
17348;117.475;0.033;14.02
17377;125.682;0.032;12.74
17403;123.168;0.03;11.79
17426;132.541;0.031;11.97
17468;104.759;0.006;0.19
17472;118.661;0.011;3.14
17474;127.996;0.013;4.35
17475;133.749;0.036;7.48
17675;115.398;0.005;1.98
18031;18.719;0.071;24.41
18032;16.469;0.071;26.41
18043;14.93;0.072;27.36
18044;14.109;0.071;28.36
18045;13.108;0.072;29.36
18265;123.308;0.01;6.91
18298;122.293;0.025;3.55
18320;17.365;0.071;25.41
18342;102.677;-0.001;0.86
18355;102.66;0;0.86
18366;122.394;0.004;5.75
18522;120.456;0.041;6.47
19054;118.828;0.008;5.94
19184;104.937;0.014;1.11
19196;118.314;0.004;5.64
19296;104.709;0.006;2.68
19297;111.886;0.017;7.31
19324;104.834;0.001;1.23
19325;115.993;0.014;5.62
19391;112.432;0.041;16.9
19392;109.355;0.039;12.81
19397;103.926;-0.001;1.33
19411;105.673;0.036;12.19
19413;108.33;0;3.23
19478;111.528;0.011;5.91
19481;105.034;0.032;10.78
19505;112.138;0.01;5.92
19526;105.738;0.004;1.4
19590;106.955;0.024;9.08
19610;107.533;0.023;9.09
19703;102.899;-0.001;1.57
19747;107.11;0.009;4.35
19754;93.082;0.049;15.51
19755;99.371;0.035;7.49
19758;110.177;0.024;9.78
19824;92.967;0.054;3.43
20094;101.888;0.041;7.4
20137;104.8;0.008;2.18
20138;115.262;0.017;6.43
20507;109.333;0.005;6.51
20711;100.248;null;null
20713;104.06;0.003;2.87
20745;114.378;0.036;13.61
20746;107.208;0.025;5.92
20949;112.549;0.009;6.93
20995;111.653;0.014;6.38
21055;94.938;0.043;6.27
21115;106.094;0.002;3.99
21133;88.761;0.055;4.38
21155;108.107;0.03;3.73
21156;108.068;0.03;3.74
21172;107.323;0.028;13.3
21173;106.059;0.009;3.97
21246;104.773;0.002;4.08
21340;103.34;0.002;2.18
21374;111.513;0.013;6.72
21380;103.922;0.003;2.19
21400;114.704;0.008;8.39
21454;102.213;0.03;10.21
21524;110.975;0.014;6.66
21791;114.084;0.015;6.75
21824;106.277;0.005;2.47
21830;107.191;0.042;6.37
21838;104.535;0;2.54
21844;113.985;0.014;6.82
21894;106.138;0.016;4.33
21897;89.636;0.061;5.05
21898;89.588;0.061;5.06
21902;107.376;0.011;4.37
21940;107.115;0.007;2.98
21954;105.962;0.015;4.38
21955;105.962;0.015;4.38
21986;104.423;0;2.62
21997;104.371;0.006;2.6
22067;107.294;0.006;4.51
22157;105.868;0.055;2.53
22158;105.771;0.055;2.54
22217;106.591;0.034;5.98
22232;106.868;0.009;4.58
22271;114.409;0.007;7.27
22304;104.076;0;2.85
22317;100.014;null;null
22464;95.593;0.016;null
22465;110.623;0.016;null
22508;104.968;0.026;4.43
22542;108.845;0.039;9.96
22581;106.591;0.013;4.54
22600;100.425;null;null
22601;100.238;null;null
22662;107.364;0.003;4.85
22684;100.028;null;null
22849;108.906;0.019;7.27
22867;100.09;null;null
22945;94.31;0.084;4.27
22946;96.665;0.084;4.27
22956;100.106;null;null
23086;106.579;0.003;5.04
23091;102.059;null;null
23092;102.113;null;null
23118;102.166;0.016;2.69
23146;111.278;0.009;7.6
23151;107.253;0.017;7.51
23205;110.717;0.03;null
23245;103.206;0.001;3.26
23268;101.715;0.019;5.92
23302;100.194;null;null
23352;102.775;0.027;4.94
23353;102.807;0.027;4.93
23362;101.915;0.027;4.98
23394;107.777;0.033;8.59
23395;103.779;0.008;null
23396;106.582;0.016;null
23397;100.223;null;null
23462;115.3;0.002;7.81
23581;101.517;0.018;7.9
23582;101.693;0.006;3.48
23584;114.863;0.007;3.3
23585;69.429;0.165;3.19
23589;114.863;0.007;3.3
23590;114.863;0.007;3.3
23625;92.183;0.032;7.83
23631;102.335;0.005;5.42
23635;100.104;0.002;0.55
23682;100.194;null;null
23698;99.756;null;null
23700;100.088;null;null
23719;101.901;0.01;5.41
23723;100.568;0;1.57
23724;101.385;0.015;1.74
23760;101.376;0.017;8.02
23789;102.462;0.004;5.56
23803;100.752;0.015;5.45
23805;99.586;null;null
23820;101.35;0.012;5.46
23860;99.815;null;null
23894;101.207;0.001;3.69
23899;101.89;0.015;2.74
23907;102.265;0.003;2.76
23953;99.744;null;null
23972;99.415;null;null
24051;101.179;0.004;5.77
24054;99.843;0.009;5.75
24066;100.038;null;null
24098;99.304;0.013;5.71
24110;99.57;null;null
24126;101.304;0.004;5.81
24134;100.377;0.01;5.73
24232;101.502;0.011;3.85
24255;105.089;0.061;3.51
24256;104.943;0.061;3.53
24286;98.525;0.01;10.49
24288;96.146;0.019;null
24291;99.386;0.02;1.96
24294;99.111;0.021;3.85
24400;176.552;null;null
24637;100.063;null;null
24642;100.185;null;null
24648;100.361;null;null
24649;100.381;null;null
24650;100.361;null;null
24651;100.348;null;null
24652;100.431;null;null
24653;100.185;null;null
24655;99.847;null;null
24662;99.709;null;null
24675;99.587;null;null
24680;99.548;null;null
24685;99.75;null;null
24686;99.608;null;null
24689;99.525;null;null
24691;99.816;null;null
24692;99.666;null;null
24695;99.771;null;null
24698;98.766;null;null
24699;98.692;null;null
24700;98.098;null;null
24701;98.221;null;null
24702;99.075;null;null
24703;99.18;null;null
24705;98.962;null;null
24706;97.359;null;null
24707;98.494;null;null
24708;97.409;null;null
24716;97.941;null;null
24717;97.785;null;null
24718;98.688;null;null
24722;97.421;null;null
24725;96.873;null;null
24730;97.628;null;null
24732;97.411;null;null
24733;97.05;null;null
24738;96.71;null;null
24739;96.106;null;null
24740;96.4;null;null
24742;96.346;null;null
24745;97.589;null;null
24748;96.492;null;null
25024;218.429;null;null
25262;65.134;null;null
25696;89.137;null;null
25700;98.107;null;null
25703;97.549;null;null
25818;172.757;null;null
25819;148.077;null;null
25880;100.85;null;null
25889;100.064;null;null
25953;99.994;null;null
25969;101.348;null;null
26091;null;null;null
26094;99.427;null;null
26195;100.903;null;null
26261;99.71;null;null
26574;101.673;null;null
27107;110.363;null;null
27270;102.834;-0.001;2.92
27300;100.252;null;null
27304;109.345;null;null
27313;100.246;null;null
27377;100.124;null;null
27404;107.908;0.009;null
27407;100.125;null;null
27409;100.263;null;null
27420;100.112;null;null
27462;100.188;null;null
27472;100.186;null;null
27491;100.29;null;null
27493;100.104;null;null
27502;100.334;null;null
27510;100.346;null;null
27536;100.03;null;null
27624;115.819;0.008;4.33
28179;100.201;0.01;5.84
28294;94.079;0.048;8.79
28368;89.002;0.025;12.57
28369;96.219;0.014;6.49
29005;137.1;0.011;11.44
29081;100.435;0.013;2.01
29125;100.745;0.026;5.62
29141;96.56;0.017;5.94
29142;100.211;0.006;2.13
29143;95.77;null;null
29163;101.369;0.02;8.65
29167;209.176;null;null
29191;104.261;-0.001;2.46
29193;112.971;0.025;3.98
29360;105.331;0.117;0.4
29382;102.36;-0.004;2.13
29400;129.502;0.021;4.3
29401;128.541;0.037;11.88
29421;102.698;0.003;5.27
29431;97.402;0.04;8.02
29438;100.026;null;null
29439;100.455;null;null
29440;99.847;null;null
29441;99.608;null;null
29442;99.76;null;null
29443;99.725;null;null
29444;99.595;null;null
29445;99.76;null;null
29446;99.583;null;null
29447;99.789;null;null
29448;99.585;null;null
29449;99.75;null;null
29450;99.779;null;null
29451;98.911;null;null
29452;98.451;null;null
29473;100.177;0.013;4.11
29484;94.462;0.06;8.58
29485;96.843;0.052;7.62
29486;100.695;0.039;5.69
29496;99.572;null;null
29540;94.202;0.048;8.76
29542;100.953;0.015;2.35
29548;93.874;0.027;5.75
29566;89.535;0.034;9.72
29567;91.535;0.047;10.72
29569;98.696;0.021;4.03
29577;101.245;0.017;5.93
29578;100.436;0.02;3.26
29583;100.293;null;null
29719;153.67;0.029;6.45
30023;108.723;0.007;0.84
30594;53.778;null;null
31015;124.729;0.015;2.57
31143;166.857;0.035;9.3
31390;165.616;0.029;6.51
31513;102.695;0.02;0.11
31789;102.894;0.027;0.46
31853;102.75;0.016;0.11
31918;111.29;0.047;11.47
31956;88.655;0.024;5.02
32251;102.706;0.014;0.03
32303;104.186;0.023;0.08
32482;102.71;0.014;0.03
32554;145.611;0.037;10.51
32563;108.951;0.013;0.97
32590;111.333;0.047;11.46
32632;25.507;0.367;2.82
32640;144.322;0.048;8.48
32986;102.769;0.014;0.03
32988;129.277;0.049;7.76
33046;null;null;null
33125;141.469;0.043;11.15
33126;108.97;0.013;0.97
33143;143.797;0.07;12.1
33207;null;null;null
33243;113.832;0.049;12.11
33281;150.066;0.035;10.11
33334;null;null;null
33418;102.731;0.025;0.11
33472;122.334;-0.002;9.16
33514;102.721;0.012;0.23
33532;102.781;0.029;0.46
33652;null;null;null
33700;131.95;0.035;8.2
33708;129.343;0.024;7.74
33709;102.714;0.012;0.23
33776;139.863;0.043;7.95
33841;null;null;null
33875;134.895;0.073;11.08
33898;103.194;0.035;0.87
33904;103.247;0.035;0.87
33910;107.677;0.025;0.54
33921;102.595;0.011;0.31
33943;136.493;0.038;7.76
34081;102.23;0.016;0.43
34101;131.755;0.039;7.15
34119;132.438;0.06;10.73
34166;130.273;0.04;7.24
34186;92.406;0.636;0.2
34261;102.294;0.016;0.42
34403;102.682;0.055;1.26
34446;104.701;0.011;0.57
34588;119.01;0.048;11.11
34639;106.017;0.013;0.64
34740;132.462;0.06;10.73
34874;105.83;0.029;1.12
34946;106.415;0.018;0.38
34981;104.797;0.042;0.37
34985;102.371;0.079;0.89
35001;104.301;0.011;0.73
35010;105.993;0.028;1.11
35042;99.95;0.107;0.88
35099;75.646;0.416;1.01
35105;108.457;0.018;1.36
35179;106.081;0.011;1.16
35194;102.494;0.026;0.31
35284;111.632;0.05;12.19
35316;105.884;0.02;1.1
35404;107.192;0.015;0.76
35405;41.95;1.131;1.05
35423;104.743;0.042;0.38
35427;102.757;0.025;null
35475;32.676;0.88;1.66
35489;134.973;0.038;8.36
35537;106.65;0.029;1.17
35591;104.269;0.024;0.59
35631;105.902;0.02;1.09
35659;null;null;null
35679;133.899;0.031;8.6
35713;105.529;0.038;1
35734;130.204;0.04;7.24
35805;null;null;null
35882;134.973;0.038;8.36
35954;108.044;0.011;0.57
35972;134.959;0.038;8.36
35973;135.699;0.035;10.97
36022;109.896;0.02;1.77
36195;111.38;0.057;12.07
36214;138.473;0.048;7.27
36274;111.38;0.057;12.07
36334;106.017;0.013;0.64
36354;104.456;0.023;0.31
36405;117.986;0.039;null
36570;131.613;0.039;7.14
36606;129.273;0.031;5.09
36628;139.75;0.032;8.01
36664;103.677;0.011;0.23
36735;154.794;0.042;8.22
36754;123.028;0.059;11.77
36829;107.738;0.076;3.75
37097;104.888;0.058;2.08
37198;103.808;0.062;2.03
37630;null;null;null
39096;115.529;0.026;1.94
40222;85.025;0.081;10.55
40357;134.981;0.073;11.07
40398;138.473;0.048;null
40418;129.277;0.049;null
40933;104.449;0.023;0.31
41188;93.501;0.177;0.76
41250;107.215;0.014;0.76
41284;103.202;0.062;0.63
41523;100.047;0.07;12.66
41619;154.794;0.042;8.22
41627;73.75;null;null
41666;106.415;0.018;0.38
41783;123.586;0.015;2.94
41878;94;0.517;0.16
42255;113.676;0.039;2.72
42278;33.09;1.294;0.51
42282;107.666;0.076;3.76
42519;109.243;0.064;3.84
42710;126.119;0.025;2.66
42841;97.856;0.1;6.38
42893;95.385;0.142;1.31
43065;118.772;0.018;2.79
43144;null;null;null
43158;119.328;0.035;2.77
43354;102.519;0.167;0.02
43517;110.284;0.023;2.97
43586;117.927;0.021;2.92
43904;110.267;0.023;2.97
43974;118.938;0.017;3.49
43978;104.853;-0.001;2.46
44006;109.94;0.025;3.2
44747;114.394;0.023;3.18
45074;115.834;0.059;12.33
45433;88.366;null;null
45547;115.834;0.059;12.33
45690;83.025;0.077;11.46
45732;100.782;0.049;3.53
45802;140.783;0.035;12.15
45840;60.144;0.237;3.32
46313;82.667;0.078;11.42
46319;null;null;null
46773;113.434;0.026;3.37
46841;128.794;0.036;14.68
46865;113.434;0.026;3.37
47000;128.755;0.036;14.69
47522;111.12;0.023;3.55
47641;110.394;null;0.07
47650;113.9;0.029;3.58
47750;107.285;0.054;3.45
47928;66.831;0.184;6.91
47997;111.45;0.037;3.5
48069;111.469;0.037;3.5
48144;105.483;0.102;3.05
48229;116.571;0.026;7.64
48535;103.377;null;null
48556;81.389;0.22;2.44
48594;3.14;null;0.62
48729;null;null;null
48737;110.392;0.054;3.6
48758;null;null;null
48775;106.792;0.056;1.07
48989;107.733;0.022;3.75
49053;110.435;0.032;3.94
49080;57.759;0.267;3.35
49082;110.435;0.032;3.94
49097;109.225;0.061;2.19
49221;120.81;0.041;4.61
49892;101.291;null;0
49903;101.072;3.226;0.02
50121;101.563;null;null
50331;79.266;0.096;10.37
50342;103.148;0.044;4.35
50389;134.026;0.045;null
50410;111.201;0.026;4.15
50493;104.026;0.106;3.15
50601;104.117;0.106;3.04
50663;98.997;0.072;3.94
50755;98.997;0.072;3.94
50844;110.231;0.019;4.47
50965;102.051;0.02;0.16
50966;100.908;0.078;1.59
50967;108.471;0.018;1.35
51007;100.13;0.074;4.25
51033;null;null;null
51087;null;null;null
51151;114.304;0.035;4.09
51228;105.483;0.102;3.05
51302;null;null;null
51771;102.669;0.101;0.02
52016;110.3;0.031;1.95
52025;1.606;null;0.07
52030;110.272;0.031;1.96
52120;101.974;0.097;0.07
52139;116.513;0.047;null
52211;116.557;0.047;null
52327;null;null;null
52407;109.678;0.02;4.46
52491;24.554;0.757;2.29
52558;7.102;2.952;1.23
52607;109.731;0.055;11.88
52813;114.585;0.03;4.39
52823;41.533;0.326;3.53
52898;103.103;0.011;0.56
52933;38.452;0.744;1.7
52948;101.482;0.01;0.5
52982;101.092;0.044;0.13
52989;98.564;0.538;0.13
53020;38.378;0.741;1.71
53029;120.539;0.047;14.05
53030;103.339;0.013;0.57
53055;null;null;null
53067;101.383;0.012;0.14
53089;124.099;0.048;13.78
53093;103.98;0.058;0.19
53094;124.091;0.048;13.78
53109;102.778;0.046;0.18
53112;108.291;0.031;null
53141;785;null;0.78
53168;108.948;0.034;4.59
53178;101.371;0.013;0.15
53182;117.176;0.032;4.4
53187;124.742;0.029;7.96
53206;116.805;0.028;4.44
53226;103.157;0.012;0.65
53227;101.889;0.02;0.21
53248;null;null;null
53263;112.686;0.03;4.49
53293;108.452;0.034;4.58
53302;112.639;0.03;4.5
53359;101.235;0.012;null
53370;108.264;0.031;4.61
53378;37.388;0.468;2.7
53425;108.452;0.034;4.58
53446;101.05;0.01;0.21
53538;120.493;0.047;14.06
53557;103.093;0.049;4.57
53627;102.918;0.059;5.74
53628;103.839;0.099;null
53653;103.747;0.099;null
53779;101.108;0.012;0.33
53784;101.417;0.015;0.11
53802;101.098;0.012;0.34
53811;110.391;0.027;4.79
53817;110.416;0.027;4.78
53970;101.437;0.011;0.11
54055;100.761;0.01;0.36
54084;98.538;0.189;0.35
54092;101.512;0.009;0.41
54101;98.452;0.189;0.36
54112;100.028;null;null
54128;102.332;0.015;0.77
54203;95.275;0.075;4.61
54230;102.33;0.015;0.77
54248;105.352;0.047;1.4
54258;95.293;0.075;4.61
54367;101.904;0.017;0.92
54415;101.904;0.017;0.92
54431;105.998;0.071;4.45
54462;105.323;0.025;0.72
54551;122.744;0.048;13.66
54647;119.93;0.034;null
54858;100.916;0.012;0.58
54948;105.62;0.023;2.58
55040;94.167;0.072;4.77
55045;102.233;0.015;0.98
55046;102.689;0.015;0.73
55077;102.164;-0.015;0.24
55093;103.998;0.015;1.12
55101;102.881;0.013;0.67
55250;103.322;0.016;0.71
55255;105.634;0.023;2.57
55335;101.219;0.017;0.85
55414;132.243;0.048;13.7
55460;102.11;0.016;0.85
55509;101.236;0.019;0.93
55545;103.409;0.02;0.86
55606;null;null;null
55637;109.451;0.03;5.2
55648;104.106;0.017;1.37
55656;104.172;0.018;0.91
55687;101.776;0.016;2.85
55691;123.581;0.035;13.9
55785;102.86;0.016;1.43
55863;97.511;0.055;14.15
55894;28.147;2.2;0.86
55928;103.677;0.011;0.23
55951;100.817;0.009;0.52
55966;27.068;0.264;3.9
56069;102.506;0.069;1
56145;100.817;0.009;0.52
56187;102.099;0.017;1.02
56231;106.863;0.029;1.06
56280;106.806;0.029;1.07
56358;51.079;0.175;5.87
56366;103.373;0.064;1.03
56450;102.903;0.019;1.08
56686;103.606;0.057;1.12
56851;102.121;0.018;1.1
56869;103.649;0.057;1.11
56882;102.75;0.046;1.97
56894;101.133;0.038;5.47
57015;105.274;0.031;1.13
57177;104.4;0.022;1.21
57189;102.652;0.017;1.16
57276;104.476;0.023;0.3
57280;101.157;0.012;0.76
57285;99.945;0.057;1.16
57535;102.85;0.028;0.46
57682;102.738;0.064;1.43
57836;101.25;0.041;5.97
57916;101.25;0.041;5.97
58000;107.247;0.032;3.09
58011;106.752;0.047;null
58096;101.298;0.018;1.34
58143;101.354;0.016;1.34
58222;105.801;0.028;5.73
58664;27.479;0.322;3.13
58685;91.356;0.077;5.33
58734;99.969;0.012;1.37
58846;91.34;0.077;5.33
59132;423.607;null;null
59388;101.938;0.017;1.49
59431;104.738;0.025;5.89
59633;67.134;0.288;2.27
59753;101.437;0.043;1.56
59833;104.24;0.035;null
59845;46.905;0.16;6.85
60045;99.926;0.017;1.5
60076;100.713;0.03;5.99
60272;104.999;0.054;5.53
60451;101.291;null;null
60977;97.452;0.045;5.9
61012;99.77;0.017;1.51
61314;103.976;0.034;null
61338;96.228;0.1;4.95
61547;99.678;0.018;1.85
61619;99.272;0.015;1.87
61689;98.937;0.027;1.87
61789;101.087;0.046;1.85
61811;101.087;0.046;1.87
61817;96.283;0.083;1.82
61934;99.776;0.021;2.35
61946;25.778;0.229;4.6
62209;103.136;0.035;6.12
62364;99.83;0.02;2.47
62680;null;null;null
62765;99.783;0.02;2.46
62906;100.216;0.037;6.25
63010;19.127;0.542;2.64
63114;79.535;0.081;8.53
63116;100.479;0.02;1.99
63286;79.535;0.118;2.83
63456;79.535;0.118;2.83
63465;null;null;null
63621;73.397;0.171;3.43
63806;57.469;0.423;1.84
63865;57.469;0.423;1.84
63927;null;null;null
64318;41.475;0.325;3.54
64420;82.142;0.083;5.97
64493;24.907;0.222;4.75
64583;100.077;0.019;2.17
64596;82.102;0.083;5.98
64786;100.19;0.025;3.09
64799;100.098;0.019;2.16
64847;102.364;0.029;6.46
64877;102.299;0.029;6.47
64921;105.102;0.041;16.18
65405;99.694;0.073;3.19
65611;99.395;0.018;2.2
65638;100.173;null;null
65719;101.095;0.026;2.75
65847;101.1;0.026;2.76
65948;101.725;0.069;4.71
66119;25.021;null;0.01
66176;41.744;null;null
66666;110.195;0.034;6.7
66688;110.235;0.041;6.29
66733;101.223;null;null
66734;102.089;0.021;2.3
66788;110.128;0.034;6.72
66827;100.746;0.015;2.37
67070;108.081;0.022;6.63
67165;118.097;0.035;null
67438;100.986;0.015;1.37
67505;101.27;0.007;0.23
67542;99.848;null;null
67555;104.144;0.015;1.04
67691;104.532;0.026;2.39
67725;112.757;0.027;2.75
67894;99.706;0.094;4.06
67959;103.441;0.021;2.41
68012;106.697;0;7.31
68017;103.133;0.017;2.44
68049;114.394;0.032;null
68055;100.035;0.167;2.1
68089;113.471;0.022;6.53
68099;104.463;0.02;2.87
68101;114.334;0.032;null
68222;46.841;null;null
68223;103.242;0.025;2.45
68239;100.226;0.167;2.09
68278;68;0.271;2.47
68285;103.952;0.023;null
68305;103.329;0.02;2.46
68309;51.5;null;null
68345;103.264;0.021;2.46
68368;67.917;0.271;2.48
68410;78.019;null;null
68416;100.688;null;null
68478;113.993;0.046;15.11
68779;109.524;0.033;6.46
68825;106.866;0.064;0.6
68846;100.44;null;null
68896;106.865;0.064;0.6
68981;109.937;0.034;6.46
69056;99.861;null;null
69327;103.549;0.061;2.38
69347;101.033;0.016;2.62
69454;423.607;null;null
69647;96.926;null;null
69671;96.926;null;null
69733;1.214;null;null
69981;82.904;0.146;3.64
70482;94.961;null;null
70990;99.532;0.016;1.47
71040;111.876;0.042;6.45
71064;106.281;0.031;6.81
71082;100.217;null;null
71228;107.649;0.027;6.89
71249;98.959;0.067;2.65
71297;99.059;0.067;2.63
71367;107.452;0.026;4.04
71392;80.45;0.411;0.88
71436;114.145;0.058;13.64
71440;112.857;0.025;6.84
71870;null;null;null
72361;33.254;0.356;3.81
72604;100.114;null;null
72738;100.711;0.028;2.89
73002;100.319;null;null
74171;110.242;0.042;15.99
74396;100.135;null;null
74606;22.271;1.08;1.52
74777;106.702;0.064;2.87
75050;95.628;null;null
75135;99.576;0.019;1.89
75191;100.093;null;null
75249;99.752;0.018;1.71
75961;25.28;0.616;2.43
76703;101.477;0.04;6.88
77235;104.079;0.026;2.91
77285;97.322;null;null
77599;97.322;null;null
78001;101.533;0.04;6.87
78383;54.911;0.96;0.96
78491;97.372;0.068;2.83
78627;97.316;0.068;2.84
78745;99.614;null;null
78892;54.911;0.96;0.96
79206;null;null;2.99
79787;101.671;0.097;2.69
80107;100.079;null;null
80130;100.079;null;null
80339;102.821;0.076;null
80565;22.271;1.08;1.52
80921;100.445;0.017;1.4
81382;20.208;0.787;2.23
81896;104.306;0.079;3.53
82278;103.418;0.033;2.98
82576;91.482;0.183;1.13
83219;202.179;null;null
83431;null;null;null
84015;130.158;0.04;7.23
84039;105.863;0.023;7.33
84068;100.632;0.017;3.15
84281;2.293;null;0.34
84891;104.278;0.049;1.8
84934;103.549;0.061;2.38
84948;100.015;null;null
85342;101.602;0.022;3.13
86105;122.773;0.03;17.92
86136;94.746;null;null
86157;104.076;0.026;1.9
86238;121.705;0.062;16.25
86813;100.142;null;null
86889;100.071;null;null
86980;100.062;null;null
87103;53;0.046;13.45
87357;93.993;0.094;3.04
87552;100.159;0.1;2.95
87606;100.146;0.1;2.95
87615;101.282;0.033;7.35
88284;64.257;0.211;3.37
88503;99.238;null;null
88626;99.672;null;null
89025;108.238;0.074;3.75
89052;97.322;null;null
89120;99.463;null;null
89175;101.14;0.028;3.35
89193;101.521;0.018;3.39
89227;43.415;0.834;1.34
89388;103.452;0.036;3.32
89419;83.955;null;null
89447;103.488;0.036;3.31
89548;103.16;0.022;3.38
89579;100.115;null;null
89597;104.908;0.045;3.23
89612;92.519;null;null
89634;55.572;0.278;3.57
89638;105.995;0.038;7.14
89731;104.143;0.033;7.34
90145;101.222;0.024;3.45
90342;101.579;0.023;3.48
90393;109.95;0.002;12.8
90581;100.497;0.025;3.51
90692;101.333;0.022;3.48
90824;0.842;null;0.25
90903;96.52;0.064;3.39
91233;98.702;null;null
91244;98.968;null;null
92175;null;null;null
93344;104.278;0.049;1.8
94363;99.45;null;null
94480;99.49;null;null
94655;99.589;null;null
95227;101.136;null;null
95435;100.896;0.033;7.82
95533;101.959;0.021;2.84
96370;98.276;0.029;4.83
96457;97.445;0.037;8.23
96912;98.89;0.033;3.91
97056;99.776;0.032;7.94
97163;99.749;0.032;7.94
97451;100.935;0.023;2.14
97599;88.62;0.058;7.55
97818;100.19;0.043;16.65
97922;100.226;0.043;16.64
98063;101.188;0.021;4
98158;91.75;null;null
102918;110.683;0.044;15.71
102926;100.518;0.011;0.04
102974;100.22;0.02;2.01
103040;113.484;0.048;3.54
103041;102.318;0.024;null
103072;100.337;0.026;3.55
103084;98.829;0.039;7.47
103097;100.554;0.032;5.24
103109;100.704;0.02;null
103113;106.863;0.029;1.06
103175;107.854;0.044;3.35
103293;100.336;0.055;5.13
103437;99.683;0.018;2.15
103454;103.792;0.043;null
103464;99.821;0.017;1.83
103483;101.727;0.03;3.94
103512;100.173;0.013;0.84
103535;100.661;0.033;5.2
103544;100.141;null;null
103551;100.04;0.015;1.25
103562;100.576;0.018;0.7
103567;101.715;0.038;null
103592;100;null;null
103597;105.613;0.023;1.02
103611;112.545;0.031;2.77
103631;100.573;0.02;4.05
103655;100.537;0.028;null
103665;99.993;0.024;2.9
103667;99.756;0.019;0.96
103670;102.205;0.024;2.33
103680;99.147;0.028;null
103684;100.256;0.051;null
103697;99.745;null;null
103820;104.286;0.046;7.06
103829;104.22;0.046;7.07
103934;102.06;0.032;7.38
103937;98.866;0.026;3.83
103955;82.662;0.078;11.42
103982;97.73;0.104;3.79
104154;91.663;0.08;6.16
104156;101.136;0.03;3.81
104178;89.389;0.175;2.19
104224;99.207;0.031;3.93
104232;99.49;0.023;null
104262;96.252;0.038;null
104283;103.386;0.053;3.52
104343;100.235;0.022;2.05
104534;102.155;0.064;4.96
104662;100.231;0.022;null
104670;100.375;null;null
104690;100.097;null;null
104705;89.505;0.089;6.07
104729;100.937;0.019;3.15
104759;100.735;0.024;null
104916;125.823;null;null
104922;106.615;0.044;7.02
105025;83.179;0.146;3.61
105043;103.956;0.012;0.9
105046;75.897;0.14;4.59
105110;85.9;0.096;5.55
105133;100.121;0.023;3.95
105180;53.464;0.591;1.41
105294;112.195;0.038;null
105369;66.635;0.195;3.15
105407;104.741;0.058;3.39
105432;93.219;0.116;3.1
105517;96.885;0.06;6.6
105534;102.658;0.04;3.64
105624;75.6;0.137;4.66
105695;100.896;0.049;5.93
105697;96.177;0.107;4.63
105718;69.041;0.125;5.98
105972;95.648;0.079;4.63
